标题,阅读量,作者
数据挖掘、机器学习、深度学习、推荐算法的联系与差别总结,0,liuchenbaidu
Flutter的菜鸟教程四:ListView,1,duo_shine
从源代码的角度分析--在BaseAdapter调用notifyDataSetChanged()之后发生了什么,0,xfxf996
哈夫曼树构造,1,luoganttcc
关于对象名.方法名（）和直接方法名（）的不同问题,1,FightingITPanda
Shell基础,0,qq_39021393
android之support-v4、v7、v13的区别,0,LVXIANGAN
js：原型与原型链总结,0,u013119612
Codeforces Round #499 (Div. 2) C. Fly(思维),1,sugarbliss
调试百度离线人脸识别遇到的bug,1,u011010107
JAVA 异步加载数据模式,1,u010662108
Linux mktime 源代码简析,1,qinrenzhi
页面可视宽高,0,hupian1989
Git hub SSK,0,dongdundun
linux进程学习笔记,3,xiaohu1996
牛客网暑期ACM多校训练营（第二场）I	car【规律】,3,Irish_Moonshine
linux查询端口是否被占用  查询所有端口使用情况,1,tanshaonan888
防止用户多次提交,1,weixin_38336658
Intellij Idea git分支操作相关基础操作,2,u014042066
WEB上使用苹方字体,1,Jensen_Yao
Java Spring带前后端开发完整电商平台,3,qq_42806880
奇幻网站实现点击分类~标签显示文章详情和多级评论功能,2,weixin_42040854
POJ - 1860 Currency Exchange （Spfa判断是否有正权环）,4,vocaloid01
接口自动化测试框架设计,2,qq_27495157
Java Spring技术栈构建完整前后台团购网站视频教程附源码（价值388元）,3,qq_42806880
Linux环境下Apache配置多个虚拟主机挂载多站点同时运行,2,qq_27229113
hdu6311（ 2018 Multi-University Training Contest 2）,6,Fire_to_cheat_
springMvc实现hightcharts导出word功能,8,qq919913883
iOS 自定义搜索框实时监听输入的内容变化,3,qq_36487644
转载秋招群里的所见,4,qq_24572475
poj 3468线段树区间add区间查询,2,qq_37891604
PostgreSQL 4种进程启动方式,2,tencupofkaiwater
C++/C中const，常量引用等小细节,4,xuyunyunaixuexi
React识别长按操作,2,u011588551
二维指针学习,3,qq_37965089
python网络编程（套接字编程）之UDP和TCP编程,3,zhouchen1998
CSS--选择器,1,Luojun13Class
javascript 正则表达式的使用,3,Dandelion_drq
java8 stream代替for循环 具体实战,1,qq_34412985
为什么我离开了管理岗位,1,yyjava
