姓名,关注数,是否关注
vczh,745406,False
梁边妖,676513,False
张佳玮,1729187,False
葛巾,660196,False
田吉顺,669919,False
maggie,575261,False
马伯庸,659787,False
yolfilm,794761,False
李淼,715388,False
周源,902142,False
黄继新,842065,False
张亮,836267,False
动机在杭州,576111,False
无耻采铜,654748,False
Raymond Wang,553772,False
朱炫,724918,False
Jennyyy,545577,False
李开复,1055710,False
王尼玛,645300,False
张译,511212,False
张小北,707307,False
warfalcon,619412,False
丁香医生,1262239,False
寺主人,706871,False
下厨房,508458,False
KnowYourself,698068,False
陈柏龄,577107,False
高科,588847,False
